ID_RESIDENCIA;PRECO;AREA;QUARTOS;BANHEIROS;ANDARES;FLAG_CENTRO;FLAG_QUARTO_HOSPEDE;FLAG_PORAO;FLAG_AGUA_MORNA;FLAG_AR_CONDICIONADO;VAGAS_ESTACIONAMENTO;FLAG_AREA_PREFERENCIAL;MOBILIADA
A1;13300000;7420;4;2;3;SIM;NAO;NAO;;SIM;2;SIM;SIM
A2;12250000;8960;4;4;4;SIM;NAO;;NAO;SIM;3;NAO;SIM
A3;12250000;9960;;2;2;SIM;NAO;SIM;NAO;NAO;2;SIM;PARCIALMENTE
A4;12215000;7500;4;2;2;SIM;NAO;SIM;NAO;SIM;3;SIM;SIM
A5;11410000;7420;4;1;2;SIM;SIM;SIM;NAO;SIM;2;NAO;SIM
A6;10850000;7500;3;3;1;SIM;NAO;SIM;NAO;SIM;2;SIM;PARCIALMENTE
A7;10150000;8580;4;3;4;SIM;NAO;NAO;NAO;SIM;2;SIM;PARCIALMENTE
A8;10150000;16200;5;3;2;SIM;NAO;NAO;NAO;NAO;0;NAO;NAO
A9;9870000;8100;4;1;2;SIM;SIM;SIM;NAO;SIM;2;SIM;SIM
A10;9800000;5750;;;4;SIM;SIM;NAO;NAO;SIM;1;SIM;NAO
A11;9800000;13200;3;1;2;SIM;NAO;SIM;;SIM;2;SIM;SIM
A12;9681000;6000;4;3;2;SIM;SIM;SIM;SIM;NAO;;NAO;PARCIALMENTE
A13;9310000;6550;;2;2;SIM;NAO;NAO;NAO;SIM;1;SIM;
A14;9240000;3500;4;;2;SIM;NAO;NAO;SIM;NAO;2;NAO;SIM
A15;9240000;7800;3;2;2;SIM;NAO;NAO;NAO;NAO;0;SIM;PARCIALMENTE
A16;9100000;6000;4;1;2;SIM;NAO;SIM;NAO;NAO;2;NAO;PARCIALMENTE
A17;9100000;6600;4;2;2;SIM;SIM;SIM;NAO;SIM;1;SIM;NAO
A18;8960000;8500;3;2;4;SIM;NAO;NAO;NAO;SIM;2;NAO;SIM
A19;8890000;4600;3;2;2;SIM;SIM;NAO;NAO;SIM;2;NAO;SIM
A20;8855000;6420;3;2;2;SIM;NAO;NAO;NAO;SIM;1;SIM;PARCIALMENTE
A21;8750000;4320;3;1;2;SIM;NAO;SIM;SIM;NAO;2;NAO;PARCIALMENTE
A22;8680000;7155;3;2;1;SIM;SIM;SIM;NAO;SIM;2;NAO;NAO
A23;8645000;8050;3;1;1;SIM;SIM;SIM;NAO;SIM;1;NAO;SIM
A24;8645000;4560;3;;2;SIM;SIM;SIM;NAO;SIM;1;NAO;SIM
A25;8575000;8800;3;2;2;SIM;NAO;NAO;NAO;SIM;2;NAO;SIM
A26;8540000;6540;4;2;2;SIM;SIM;SIM;NAO;SIM;2;SIM;SIM
A27;8463000;6000;3;2;4;SIM;SIM;SIM;NAO;SIM;0;SIM;PARCIALMENTE
A28;8400000;8875;3;1;1;SIM;NAO;NAO;NAO;NAO;1;NAO;PARCIALMENTE
A29;8400000;7950;;;2;SIM;NAO;;SIM;NAO;2;NAO;NAO
A30;8400000;5500;4;;2;SIM;NAO;SIM;NAO;SIM;1;SIM;PARCIALMENTE
A31;8400000;7475;3;2;4;SIM;NAO;NAO;NAO;SIM;2;NAO;NAO
A32;8400000;7000;3;;4;SIM;NAO;NAO;NAO;SIM;2;NAO;PARCIALMENTE
A33;8295000;4880;4;2;2;SIM;NAO;NAO;NAO;SIM;1;SIM;SIM
A34;8190000;5960;3;;2;SIM;SIM;SIM;NAO;NAO;1;NAO;NAO
A35;8120000;6840;5;;2;SIM;SIM;SIM;NAO;SIM;1;NAO;SIM
A36;8080940;7000;3;2;4;SIM;NAO;NAO;NAO;SIM;2;NAO;SIM
A37;8043000;7482;3;2;3;SIM;NAO;NAO;SIM;NAO;1;SIM;SIM
A38;7980000;9000;4;2;4;SIM;NAO;NAO;NAO;SIM;2;NAO;SIM
A39;7962500;6000;3;1;4;SIM;SIM;NAO;NAO;SIM;2;NAO;NAO
A40;7910000;6000;4;;4;SIM;NAO;NAO;NAO;SIM;1;NAO;PARCIALMENTE
A41;7875000;6550;3;1;2;SIM;NAO;SIM;NAO;SIM;0;SIM;SIM
A42;7840000;6360;3;2;4;SIM;NAO;NAO;NAO;SIM;0;SIM;SIM
A43;7700000;6480;3;2;4;SIM;NAO;NAO;NAO;SIM;2;NAO;NAO
A44;7700000;6000;4;2;4;SIM;NAO;NAO;NAO;NAO;2;NAO;PARCIALMENTE
A45;7560000;6000;4;2;4;SIM;NAO;NAO;NAO;SIM;1;NAO;SIM
A46;7560000;6000;3;2;3;SIM;NAO;NAO;;SIM;0;NAO;PARCIALMENTE
A47;7525000;6000;;2;4;SIM;NAO;NAO;NAO;SIM;1;NAO;SIM
A48;7490000;6600;3;;4;SIM;NAO;NAO;NAO;SIM;3;SIM;SIM
A49;7455000;4300;3;;2;SIM;NAO;SIM;NAO;NAO;1;NAO;NAO
A50;7420000;7440;;2;1;SIM;SIM;SIM;NAO;SIM;0;SIM;
A51;7420000;7440;3;2;4;SIM;NAO;NAO;NAO;NAO;1;SIM;NAO
A52;7420000;6325;3;;4;SIM;NAO;NAO;NAO;SIM;1;NAO;
A53;7350000;6000;4;2;4;SIM;SIM;NAO;;SIM;1;NAO;SIM
A54;7350000;5150;3;2;4;SIM;NAO;NAO;NAO;SIM;2;NAO;PARCIALMENTE
A55;7350000;6000;3;2;2;SIM;SIM;NAO;NAO;SIM;1;NAO;PARCIALMENTE
A56;7350000;6000;3;1;2;SIM;NAO;NAO;NAO;SIM;1;NAO;
A57;7343000;11440;4;1;2;SIM;NAO;SIM;NAO;NAO;1;SIM;PARCIALMENTE
A58;7245000;9000;4;2;4;SIM;SIM;NAO;NAO;SIM;;SIM;SIM
A59;7210000;7680;4;2;4;SIM;SIM;NAO;NAO;;1;NAO;PARCIALMENTE
A60;7210000;6000;3;;4;SIM;SIM;;NAO;SIM;1;NAO;SIM
A61;7140000;6000;3;2;2;SIM;SIM;;NAO;NAO;1;NAO;PARCIALMENTE
A62;7070000;8880;2;1;1;SIM;NAO;NAO;;SIM;;NAO;PARCIALMENTE
A63;7070000;6240;4;2;2;SIM;NAO;NAO;NAO;SIM;1;NAO;SIM
A64;7035000;6360;4;2;3;SIM;NAO;NAO;NAO;SIM;2;SIM;SIM
A65;7000000;11175;3;1;1;SIM;NAO;SIM;NAO;SIM;;SIM;SIM
A66;6930000;8880;3;2;2;SIM;NAO;SIM;NAO;SIM;1;NAO;SIM
A67;6930000;13200;2;;1;SIM;NAO;SIM;SIM;NAO;1;NAO;SIM
A68;6895000;7700;3;2;1;SIM;NAO;NAO;NAO;NAO;2;NAO;NAO
A69;6860000;6000;;1;1;SIM;NAO;NAO;NAO;SIM;1;NAO;SIM
A70;6790000;12090;4;2;2;SIM;NAO;NAO;;NAO;2;SIM;SIM
A71;6790000;4000;;2;2;SIM;NAO;SIM;;SIM;0;SIM;PARCIALMENTE
A72;6755000;6000;4;;4;SIM;NAO;NAO;NAO;SIM;0;NAO;NAO
A73;6720000;5020;3;1;4;SIM;NAO;;NAO;SIM;0;SIM;NAO
A74;6685000;6600;2;2;4;SIM;NAO;SIM;NAO;NAO;0;SIM;SIM
A75;6650000;4040;3;;2;SIM;NAO;SIM;SIM;NAO;1;NAO;SIM
A76;6650000;4260;4;;2;SIM;NAO;NAO;SIM;NAO;0;NAO;PARCIALMENTE
A77;6650000;6420;3;2;3;SIM;NAO;NAO;NAO;SIM;0;SIM;SIM
A78;6650000;6500;3;2;3;SIM;NAO;NAO;NAO;SIM;0;SIM;SIM
A79;6650000;5700;3;1;1;SIM;SIM;SIM;NAO;SIM;2;SIM;
A80;6650000;6000;3;2;3;SIM;SIM;NAO;NAO;SIM;0;NAO;SIM
A81;6629000;6000;3;1;2;SIM;NAO;NAO;SIM;NAO;1;SIM;PARCIALMENTE
A82;6615000;4000;3;2;2;SIM;NAO;SIM;NAO;SIM;1;NAO;PARCIALMENTE
A83;6615000;10500;3;2;1;SIM;NAO;SIM;NAO;SIM;;SIM;SIM
A84;6580000;6000;3;;4;SIM;NAO;NAO;NAO;SIM;0;NAO;PARCIALMENTE
A85;6510000;3760;3;;2;SIM;NAO;NAO;SIM;NAO;2;NAO;
A86;6510000;8250;3;2;3;SIM;NAO;NAO;NAO;SIM;0;NAO;SIM
A87;6510000;6670;3;1;3;SIM;NAO;;NAO;NAO;0;SIM;NAO
A88;6475000;3960;3;1;1;SIM;NAO;SIM;NAO;NAO;2;NAO;
A89;6475000;7410;3;1;1;SIM;SIM;SIM;NAO;SIM;2;SIM;NAO
A90;6440000;8580;5;;2;SIM;NAO;NAO;NAO;NAO;2;NAO;SIM
A91;6440000;5000;3;;2;SIM;NAO;NAO;NAO;SIM;0;NAO;PARCIALMENTE
A92;6419000;6750;2;1;1;SIM;SIM;SIM;NAO;NAO;2;SIM;SIM
A93;6405000;4800;;2;4;SIM;SIM;NAO;NAO;SIM;0;NAO;SIM
A94;6300000;7200;3;2;1;SIM;NAO;SIM;NAO;SIM;3;NAO;PARCIALMENTE
A95;6300000;6000;4;2;4;SIM;NAO;NAO;NAO;NAO;1;NAO;PARCIALMENTE
A96;6300000;4100;3;2;3;SIM;NAO;NAO;NAO;SIM;2;NAO;PARCIALMENTE
A97;6300000;9000;;1;1;SIM;NAO;SIM;NAO;NAO;;SIM;SIM
A98;6300000;6400;3;1;1;SIM;SIM;SIM;NAO;SIM;1;SIM;PARCIALMENTE
A99;6293000;6600;3;2;3;SIM;NAO;NAO;NAO;SIM;0;SIM;NAO
A100;6265000;6000;4;1;3;SIM;SIM;SIM;;NAO;0;SIM;NAO
A101;6230000;6600;;2;1;SIM;NAO;SIM;;SIM;0;SIM;NAO
A102;6230000;5500;3;1;3;SIM;NAO;NAO;;NAO;;SIM;NAO
A103;6195000;5500;3;2;4;SIM;SIM;NAO;NAO;SIM;1;NAO;PARCIALMENTE
A104;6195000;6350;3;2;3;SIM;SIM;;NAO;SIM;0;NAO;SIM
A105;6195000;5500;3;2;1;SIM;SIM;SIM;NAO;NAO;2;SIM;SIM
A106;6160000;4500;3;1;4;SIM;NAO;;NAO;SIM;;NAO;NAO
A107;6160000;5450;4;2;1;SIM;NAO;SIM;NAO;SIM;;SIM;PARCIALMENTE
A108;6125000;6420;3;1;3;SIM;NAO;SIM;;NAO;0;SIM;NAO
A109;6107500;3240;4;1;3;SIM;NAO;NAO;NAO;NAO;1;NAO;PARCIALMENTE
A110;6090000;6615;4;2;2;SIM;SIM;NAO;SIM;NAO;1;NAO;PARCIALMENTE
A111;6090000;6600;3;1;1;SIM;SIM;SIM;NAO;NAO;2;SIM;PARCIALMENTE
A112;6090000;8372;;;3;SIM;NAO;NAO;NAO;SIM;2;NAO;NAO
A113;6083000;4300;6;2;2;SIM;NAO;NAO;NAO;NAO;0;NAO;SIM
A114;6083000;9620;3;1;1;SIM;NAO;SIM;NAO;NAO;2;SIM;SIM
A115;6020000;6800;;1;1;SIM;SIM;SIM;NAO;NAO;;NAO;SIM
A116;6020000;8000;3;1;1;SIM;SIM;SIM;;SIM;2;SIM;PARCIALMENTE
A117;6020000;6900;3;2;1;SIM;SIM;SIM;NAO;NAO;;SIM;NAO
A118;5950000;3700;4;1;2;SIM;SIM;NAO;;SIM;0;NAO;SIM
A119;5950000;6420;3;1;1;SIM;NAO;SIM;NAO;SIM;0;SIM;SIM
A120;5950000;7020;3;1;1;SIM;NAO;SIM;NAO;SIM;2;SIM;PARCIALMENTE
A121;5950000;6540;3;1;1;SIM;SIM;SIM;;NAO;2;SIM;SIM
A122;5950000;7231;3;1;2;SIM;SIM;SIM;NAO;SIM;0;SIM;PARCIALMENTE
A123;5950000;6254;4;2;1;SIM;NAO;SIM;NAO;NAO;1;SIM;PARCIALMENTE
A124;5950000;7320;4;2;2;SIM;NAO;NAO;NAO;NAO;0;NAO;SIM
A125;5950000;6525;3;2;4;SIM;NAO;NAO;NAO;NAO;1;NAO;
A126;5943000;15600;3;;1;SIM;NAO;NAO;NAO;SIM;2;NAO;PARCIALMENTE
A127;5880000;7160;3;1;1;SIM;NAO;SIM;;NAO;2;SIM;NAO
A128;5880000;6500;3;;3;SIM;NAO;NAO;;SIM;0;NAO;NAO
A129;5873000;5500;;1;3;SIM;SIM;NAO;NAO;SIM;1;NAO;
A130;5873000;11460;3;1;3;SIM;NAO;NAO;NAO;NAO;2;SIM;PARCIALMENTE
A131;5866000;4800;3;1;1;SIM;SIM;SIM;NAO;NAO;0;NAO;NAO
A132;5810000;5828;;1;4;SIM;SIM;NAO;NAO;NAO;0;NAO;PARCIALMENTE
A133;5810000;5200;3;;3;SIM;NAO;NAO;NAO;SIM;0;NAO;PARCIALMENTE
A134;5810000;4800;3;1;3;SIM;NAO;NAO;NAO;SIM;0;NAO;NAO
A135;5803000;7000;3;1;1;SIM;NAO;SIM;NAO;NAO;2;SIM;PARCIALMENTE
A136;5775000;6000;3;2;4;SIM;NAO;NAO;NAO;SIM;0;NAO;NAO
A137;5740000;5400;4;2;2;SIM;NAO;NAO;NAO;SIM;2;NAO;NAO
A138;5740000;4640;4;1;2;SIM;NAO;NAO;;NAO;1;NAO;PARCIALMENTE
A139;5740000;5000;3;1;3;SIM;NAO;NAO;NAO;;0;NAO;PARCIALMENTE
A140;5740000;6360;3;1;1;SIM;SIM;SIM;NAO;SIM;2;SIM;SIM
A141;5740000;5800;3;2;4;SIM;NAO;NAO;NAO;SIM;0;NAO;NAO
A142;5652500;6660;4;2;2;SIM;SIM;SIM;NAO;NAO;1;SIM;PARCIALMENTE
A143;5600000;10500;4;2;2;SIM;NAO;NAO;NAO;NAO;1;NAO;PARCIALMENTE
A144;5600000;4800;;2;3;NAO;NAO;SIM;SIM;NAO;0;NAO;NAO
A145;5600000;4700;4;1;2;SIM;SIM;SIM;NAO;SIM;1;NAO;SIM
A146;5600000;5000;3;;4;SIM;NAO;NAO;;NAO;0;NAO;SIM
A147;5600000;10500;2;1;1;SIM;NAO;NAO;NAO;NAO;1;NAO;PARCIALMENTE
A148;5600000;5500;3;2;2;SIM;NAO;NAO;NAO;NAO;;NAO;PARCIALMENTE
A149;5600000;6360;3;1;3;SIM;NAO;NAO;NAO;NAO;0;SIM;PARCIALMENTE
A150;5600000;6600;4;2;1;SIM;NAO;SIM;NAO;NAO;0;SIM;PARCIALMENTE
A151;5600000;5136;3;1;2;SIM;SIM;SIM;NAO;SIM;0;SIM;NAO
A152;5565000;4400;4;1;2;SIM;NAO;NAO;NAO;SIM;2;SIM;PARCIALMENTE
A153;5565000;5400;5;1;2;SIM;SIM;SIM;NAO;SIM;;SIM;SIM
A154;5530000;3300;3;;2;SIM;NAO;SIM;;NAO;0;NAO;PARCIALMENTE
A155;5530000;3650;3;2;2;SIM;NAO;NAO;NAO;NAO;2;NAO;PARCIALMENTE
A156;5530000;6100;;2;1;SIM;NAO;SIM;NAO;NAO;2;SIM;SIM
A157;5523000;6900;3;;1;SIM;SIM;SIM;NAO;NAO;0;SIM;PARCIALMENTE
A158;5495000;2817;4;2;2;NAO;SIM;SIM;NAO;NAO;1;NAO;SIM
A159;5495000;7980;3;1;1;SIM;NAO;NAO;NAO;NAO;2;NAO;PARCIALMENTE
A160;5460000;3150;3;2;1;SIM;SIM;SIM;NAO;SIM;0;NAO;SIM
A161;5460000;6210;4;1;4;SIM;SIM;;NAO;SIM;0;NAO;SIM
A162;5460000;6100;3;1;3;SIM;SIM;NAO;NAO;SIM;0;SIM;PARCIALMENTE
A163;5460000;6600;4;2;2;SIM;SIM;SIM;NAO;NAO;0;SIM;PARCIALMENTE
A164;5425000;6825;3;1;1;SIM;SIM;SIM;;SIM;0;SIM;PARCIALMENTE
A165;5390000;6710;3;2;2;SIM;SIM;SIM;NAO;NAO;1;SIM;SIM
A166;5383000;6450;3;2;1;SIM;SIM;SIM;SIM;NAO;0;NAO;NAO
A167;5320000;7800;3;1;1;SIM;NAO;SIM;NAO;SIM;2;SIM;NAO
A168;5285000;4600;2;;1;SIM;NAO;NAO;NAO;SIM;2;NAO;PARCIALMENTE
A169;5250000;4260;4;1;2;SIM;NAO;SIM;NAO;SIM;0;NAO;SIM
A170;5250000;6540;4;;2;NAO;NAO;NAO;NAO;SIM;0;NAO;PARCIALMENTE
A171;5250000;5500;3;2;1;SIM;NAO;SIM;;NAO;0;NAO;PARCIALMENTE
A172;5250000;10269;3;1;1;SIM;NAO;NAO;NAO;NAO;1;SIM;PARCIALMENTE
A173;5250000;8400;;1;2;SIM;SIM;SIM;NAO;SIM;2;SIM;NAO
A174;5250000;5300;4;2;1;SIM;NAO;NAO;NAO;SIM;0;SIM;NAO
A175;5250000;3800;3;1;2;;SIM;SIM;;NAO;1;SIM;NAO
A176;5250000;9800;4;2;2;SIM;SIM;;NAO;NAO;2;NAO;PARCIALMENTE
A177;5250000;8520;;1;1;SIM;NAO;NAO;NAO;SIM;2;NAO;SIM
A178;5243000;6050;3;1;1;SIM;NAO;SIM;NAO;NAO;0;SIM;PARCIALMENTE
A179;5229000;7085;3;1;1;SIM;SIM;SIM;NAO;NAO;2;SIM;PARCIALMENTE
A180;5215000;3180;3;2;2;SIM;NAO;NAO;NAO;NAO;2;NAO;PARCIALMENTE
A181;5215000;4500;4;2;1;NAO;NAO;SIM;NAO;SIM;2;NAO;PARCIALMENTE
A182;5215000;7200;3;1;2;SIM;SIM;;NAO;NAO;1;SIM;SIM
A183;5145000;3410;3;;2;NAO;NAO;NAO;;SIM;0;NAO;PARCIALMENTE
A184;5145000;7980;3;1;1;SIM;NAO;NAO;NAO;NAO;1;SIM;PARCIALMENTE
A185;5110000;3000;3;2;2;SIM;SIM;SIM;NAO;NAO;0;NAO;SIM
A186;5110000;3000;3;1;2;SIM;NAO;SIM;NAO;NAO;0;NAO;NAO
A187;5110000;11410;2;1;2;SIM;NAO;NAO;NAO;NAO;0;SIM;SIM
A188;5110000;6100;3;1;1;SIM;NAO;SIM;;SIM;0;SIM;PARCIALMENTE
A189;5075000;5720;;;2;SIM;NAO;NAO;NAO;SIM;0;SIM;NAO
A190;5040000;3540;2;1;1;NAO;SIM;SIM;NAO;NAO;0;NAO;PARCIALMENTE
A191;5040000;7600;4;1;2;SIM;NAO;NAO;NAO;SIM;2;NAO;SIM
A192;5040000;10700;3;1;2;SIM;SIM;SIM;NAO;NAO;0;NAO;PARCIALMENTE
A193;5040000;6600;;1;1;SIM;SIM;SIM;NAO;NAO;0;SIM;SIM
A194;5033000;4800;2;1;1;SIM;SIM;;NAO;NAO;0;NAO;PARCIALMENTE
A195;5005000;8150;3;;1;SIM;SIM;SIM;NAO;NAO;0;NAO;PARCIALMENTE
A196;4970000;4410;4;3;2;SIM;NAO;SIM;NAO;NAO;2;NAO;PARCIALMENTE
A197;4970000;7686;3;;1;SIM;SIM;SIM;SIM;NAO;0;NAO;PARCIALMENTE
A198;4956000;2800;3;2;2;NAO;NAO;SIM;NAO;SIM;1;NAO;PARCIALMENTE
A199;4935000;5948;3;1;2;SIM;NAO;NAO;;SIM;0;NAO;PARCIALMENTE
A200;4907000;4200;3;1;2;SIM;NAO;;NAO;NAO;1;NAO;SIM
A201;4900000;4520;3;;2;SIM;NAO;SIM;NAO;SIM;0;NAO;PARCIALMENTE
A202;4900000;4095;3;1;2;NAO;SIM;SIM;;SIM;0;NAO;PARCIALMENTE
A203;4900000;4120;2;1;1;SIM;NAO;SIM;NAO;NAO;1;NAO;PARCIALMENTE
A204;4900000;5400;4;;2;SIM;NAO;NAO;NAO;NAO;0;NAO;PARCIALMENTE
A205;4900000;4770;3;1;1;SIM;SIM;SIM;NAO;NAO;0;NAO;PARCIALMENTE
A206;4900000;6300;3;1;1;SIM;NAO;NAO;NAO;SIM;2;NAO;PARCIALMENTE
A207;4900000;5800;2;1;1;SIM;SIM;SIM;NAO;SIM;0;NAO;PARCIALMENTE
A208;4900000;3000;3;1;2;SIM;NAO;SIM;;SIM;0;NAO;PARCIALMENTE
A209;4900000;2970;;;3;SIM;NAO;NAO;NAO;NAO;0;NAO;PARCIALMENTE
A210;4900000;6720;3;1;1;SIM;NAO;NAO;;NAO;0;NAO;NAO
A211;4900000;4646;;;2;SIM;SIM;SIM;NAO;NAO;;NAO;PARCIALMENTE
A212;4900000;12900;3;1;1;SIM;NAO;NAO;NAO;NAO;2;NAO;SIM
A213;4893000;3420;4;2;2;SIM;NAO;SIM;NAO;SIM;2;NAO;PARCIALMENTE
A214;4893000;4995;4;2;1;SIM;NAO;SIM;;NAO;0;NAO;PARCIALMENTE
A215;4865000;4350;;1;1;SIM;NAO;SIM;NAO;NAO;0;NAO;NAO
A216;4830000;4160;3;1;3;SIM;NAO;NAO;NAO;NAO;;NAO;NAO
A217;4830000;6040;3;1;1;SIM;NAO;NAO;NAO;NAO;2;SIM;PARCIALMENTE
A218;4830000;6862;;1;2;SIM;NAO;NAO;NAO;SIM;2;SIM;SIM
A219;4830000;4815;2;1;1;SIM;NAO;NAO;NAO;SIM;0;SIM;PARCIALMENTE
A220;4795000;7000;3;1;2;SIM;NAO;SIM;NAO;NAO;0;NAO;NAO
A221;4795000;8100;4;1;4;SIM;NAO;SIM;NAO;SIM;2;NAO;PARCIALMENTE
A222;4767000;3420;4;2;2;SIM;NAO;NAO;;NAO;0;NAO;PARCIALMENTE
A223;4760000;9166;2;1;1;SIM;NAO;SIM;NAO;SIM;2;NAO;PARCIALMENTE
A224;4760000;6321;3;1;2;SIM;NAO;SIM;NAO;SIM;1;NAO;SIM
A225;4760000;10240;2;1;1;SIM;NAO;;NAO;SIM;2;SIM;NAO
A226;4753000;6440;2;1;1;SIM;NAO;NAO;NAO;SIM;3;NAO;PARCIALMENTE
A227;4690000;5170;3;1;4;SIM;NAO;NAO;NAO;SIM;0;NAO;PARCIALMENTE
A228;4690000;6000;2;1;1;SIM;NAO;SIM;NAO;SIM;1;NAO;SIM
A229;4690000;3630;3;1;2;SIM;NAO;NAO;NAO;NAO;2;NAO;PARCIALMENTE
A230;4690000;9667;4;2;2;SIM;SIM;SIM;NAO;NAO;1;NAO;PARCIALMENTE
A231;4690000;5400;2;;2;SIM;NAO;NAO;;NAO;0;SIM;PARCIALMENTE
A232;4690000;4320;3;1;1;SIM;NAO;NAO;NAO;NAO;0;SIM;PARCIALMENTE
A233;4655000;3745;3;1;2;SIM;NAO;SIM;NAO;NAO;0;NAO;SIM
A234;4620000;4160;3;1;1;SIM;SIM;SIM;NAO;SIM;0;NAO;NAO
A235;4620000;3880;3;2;2;SIM;NAO;SIM;NAO;NAO;2;NAO;PARCIALMENTE
A236;4620000;5680;3;;2;SIM;SIM;NAO;;SIM;1;NAO;PARCIALMENTE
A237;4620000;2870;2;1;2;SIM;SIM;SIM;NAO;NAO;0;SIM;PARCIALMENTE
A238;4620000;5010;3;1;2;SIM;NAO;SIM;NAO;NAO;0;NAO;PARCIALMENTE
A239;4613000;4510;;2;2;SIM;NAO;SIM;NAO;NAO;0;NAO;PARCIALMENTE
A240;4585000;4000;;1;2;SIM;NAO;NAO;NAO;NAO;1;NAO;SIM
A241;4585000;3840;;1;2;SIM;NAO;NAO;NAO;NAO;1;SIM;
A242;4550000;3760;;1;1;SIM;NAO;NAO;NAO;NAO;2;NAO;PARCIALMENTE
A243;4550000;3640;;1;2;SIM;NAO;NAO;NAO;SIM;0;NAO;SIM
A244;4550000;2550;3;1;2;SIM;NAO;SIM;NAO;NAO;0;NAO;SIM
A245;4550000;5320;3;1;2;SIM;SIM;SIM;NAO;NAO;0;SIM;PARCIALMENTE
A246;4550000;5360;3;1;2;SIM;NAO;NAO;;NAO;;SIM;NAO
A247;4550000;3520;3;1;1;SIM;NAO;NAO;NAO;NAO;0;SIM;PARCIALMENTE
A248;4550000;8400;4;1;4;SIM;NAO;NAO;NAO;NAO;3;NAO;
A249;4543000;4100;2;2;1;SIM;SIM;SIM;;NAO;0;NAO;PARCIALMENTE
A250;4543000;4990;4;;2;SIM;SIM;SIM;;NAO;0;SIM;SIM
A251;4515000;3510;3;;3;SIM;NAO;NAO;NAO;NAO;0;NAO;PARCIALMENTE
A252;4515000;3450;3;1;2;SIM;NAO;SIM;NAO;NAO;;NAO;PARCIALMENTE
A253;4515000;9860;3;1;1;SIM;NAO;NAO;;NAO;0;NAO;PARCIALMENTE
A254;4515000;3520;2;1;2;SIM;NAO;NAO;NAO;NAO;0;SIM;SIM
A255;4480000;4510;4;1;2;SIM;NAO;NAO;NAO;SIM;2;NAO;PARCIALMENTE
A256;4480000;5885;2;1;1;SIM;NAO;NAO;NAO;SIM;1;NAO;NAO
A257;4480000;4000;3;1;2;SIM;NAO;NAO;;NAO;2;NAO;SIM
A258;4480000;8250;3;1;1;SIM;NAO;NAO;NAO;NAO;0;NAO;SIM
A259;4480000;4040;3;1;2;SIM;NAO;NAO;NAO;NAO;1;NAO;PARCIALMENTE
A260;4473000;6360;2;1;1;SIM;NAO;SIM;NAO;SIM;1;NAO;SIM
A261;4473000;3162;3;1;2;SIM;NAO;NAO;;SIM;1;NAO;SIM
A262;4473000;3510;3;1;2;SIM;NAO;NAO;NAO;NAO;0;NAO;PARCIALMENTE
A263;4445000;3750;2;1;1;SIM;SIM;SIM;NAO;NAO;0;NAO;PARCIALMENTE
A264;4410000;3968;3;1;2;NAO;NAO;NAO;NAO;NAO;0;NAO;PARCIALMENTE
A265;4410000;4900;2;1;2;SIM;NAO;SIM;NAO;NAO;0;NAO;PARCIALMENTE
A266;4403000;2880;3;1;2;SIM;NAO;NAO;NAO;NAO;0;SIM;
A267;4403000;4880;3;1;1;SIM;NAO;NAO;NAO;NAO;2;SIM;NAO
A268;4403000;4920;3;1;2;SIM;NAO;NAO;;NAO;1;NAO;PARCIALMENTE
A269;4382000;4950;4;1;2;SIM;NAO;NAO;NAO;SIM;0;NAO;PARCIALMENTE
A270;4375000;3900;3;;2;SIM;NAO;NAO;NAO;NAO;0;NAO;NAO
A271;4340000;4500;3;2;3;SIM;NAO;NAO;SIM;NAO;;NAO;SIM
A272;4340000;1905;5;1;2;NAO;NAO;SIM;NAO;NAO;0;NAO;PARCIALMENTE
A273;4340000;4075;3;1;1;SIM;SIM;SIM;NAO;NAO;2;NAO;PARCIALMENTE
A274;4340000;3500;4;;2;SIM;NAO;NAO;NAO;NAO;2;NAO;SIM
A275;4340000;6450;4;1;2;SIM;NAO;NAO;NAO;NAO;0;NAO;PARCIALMENTE
A276;4319000;4032;2;1;1;SIM;NAO;SIM;NAO;NAO;0;NAO;SIM
A277;4305000;4400;2;1;1;SIM;NAO;NAO;;NAO;1;NAO;PARCIALMENTE
A278;4305000;10360;2;1;1;SIM;NAO;NAO;;NAO;1;SIM;PARCIALMENTE
A279;4277000;3400;3;1;2;SIM;NAO;SIM;NAO;NAO;2;SIM;PARCIALMENTE
A280;4270000;6360;2;1;1;SIM;NAO;NAO;NAO;NAO;0;NAO;SIM
A281;4270000;6360;2;1;2;SIM;NAO;NAO;;NAO;0;NAO;NAO
A282;4270000;4500;2;1;1;SIM;NAO;NAO;NAO;SIM;;NAO;SIM
A283;4270000;2175;3;;2;NAO;SIM;;NAO;SIM;0;NAO;NAO
A284;4270000;4360;4;1;2;SIM;NAO;;NAO;NAO;0;NAO;SIM
A285;4270000;7770;2;1;1;SIM;NAO;NAO;NAO;NAO;1;NAO;SIM
A286;4235000;6650;3;1;2;;SIM;NAO;NAO;NAO;0;NAO;PARCIALMENTE
A287;4235000;2787;3;1;1;;NAO;SIM;NAO;NAO;0;SIM;SIM
A288;4200000;5500;3;1;2;SIM;NAO;NAO;NAO;SIM;;NAO;NAO
A289;4200000;5040;3;;2;SIM;NAO;SIM;NAO;SIM;0;NAO;NAO
A290;4200000;5850;2;1;1;SIM;SIM;SIM;NAO;NAO;2;NAO;PARCIALMENTE
A291;4200000;2610;;3;2;NAO;NAO;NAO;NAO;NAO;0;NAO;PARCIALMENTE
A292;4200000;2953;3;1;2;SIM;NAO;SIM;NAO;SIM;0;NAO;NAO
A293;4200000;2747;4;2;2;NAO;NAO;NAO;NAO;NAO;0;NAO;PARCIALMENTE
A294;4200000;4410;2;1;1;NAO;NAO;NAO;NAO;NAO;1;NAO;NAO
A295;4200000;4000;4;2;2;NAO;NAO;NAO;NAO;NAO;0;NAO;PARCIALMENTE
A296;4200000;2325;;1;2;NAO;NAO;NAO;;NAO;0;NAO;PARCIALMENTE
A297;4200000;4600;3;;2;SIM;NAO;NAO;NAO;SIM;1;NAO;PARCIALMENTE
A298;4200000;3640;3;2;2;SIM;NAO;;NAO;NAO;0;NAO;NAO
A299;4200000;5800;;1;1;;NAO;;SIM;NAO;2;NAO;PARCIALMENTE
A300;4200000;7000;3;;1;SIM;NAO;NAO;NAO;NAO;3;NAO;SIM
A301;4200000;4079;3;1;3;SIM;NAO;NAO;NAO;NAO;0;NAO;PARCIALMENTE
A302;4200000;3520;;1;2;SIM;NAO;NAO;NAO;;0;SIM;PARCIALMENTE
A303;4200000;2145;3;1;3;;NAO;NAO;NAO;NAO;1;SIM;NAO
A304;4200000;4500;3;1;1;SIM;NAO;SIM;NAO;NAO;0;NAO;
A305;4193000;8250;3;1;1;SIM;NAO;;;NAO;3;NAO;PARCIALMENTE
A306;4193000;3450;3;1;2;SIM;NAO;NAO;NAO;NAO;1;NAO;PARCIALMENTE
A307;4165000;4840;3;1;2;SIM;NAO;NAO;NAO;NAO;1;NAO;PARCIALMENTE
A308;4165000;4080;3;1;2;SIM;NAO;NAO;NAO;;2;NAO;PARCIALMENTE
A309;4165000;4046;3;1;2;SIM;NAO;SIM;NAO;NAO;1;NAO;PARCIALMENTE
A310;4130000;4632;4;1;2;SIM;NAO;NAO;NAO;SIM;0;NAO;PARCIALMENTE
A311;4130000;5985;3;1;1;;NAO;SIM;NAO;NAO;0;NAO;PARCIALMENTE
A312;4123000;6060;2;1;1;SIM;NAO;SIM;NAO;NAO;;NAO;PARCIALMENTE
A313;4098500;3600;3;1;1;SIM;NAO;SIM;NAO;SIM;0;SIM;SIM
A314;4095000;3680;3;2;2;SIM;NAO;NAO;NAO;NAO;0;NAO;PARCIALMENTE
A315;4095000;4040;2;1;2;SIM;NAO;;NAO;NAO;1;NAO;PARCIALMENTE
A316;4095000;5600;2;1;1;SIM;;NAO;NAO;SIM;;NAO;PARCIALMENTE
A317;4060000;5900;;;2;NAO;;SIM;NAO;NAO;;NAO;
A318;4060000;4992;3;2;2;SIM;;NAO;NAO;NAO;2;NAO;NAO
A319;4060000;4340;3;1;1;SIM;;NAO;NAO;NAO;0;NAO;PARCIALMENTE
A320;4060000;3000;4;1;3;SIM;;SIM;NAO;SIM;2;NAO;
A321;4060000;4320;3;1;2;SIM;NAO;NAO;;NAO;2;SIM;SIM
A322;4025000;3630;3;;2;SIM;NAO;NAO;SIM;NAO;2;NAO;PARCIALMENTE
A323;4025000;3460;3;2;1;SIM;NAO;SIM;NAO;SIM;;NAO;SIM
A324;4025000;5400;3;1;1;SIM;NAO;NAO;NAO;NAO;3;NAO;PARCIALMENTE
A325;4007500;4500;3;1;2;NAO;NAO;SIM;NAO;SIM;0;NAO;PARCIALMENTE
A326;4007500;3460;4;1;2;SIM;;NAO;NAO;SIM;0;NAO;PARCIALMENTE
A327;3990000;4100;4;;1;NAO;NAO;SIM;NAO;NAO;0;NAO;NAO
A328;3990000;6480;3;1;2;NAO;NAO;NAO;NAO;SIM;1;NAO;PARCIALMENTE
A329;3990000;4500;3;;2;NAO;NAO;SIM;;SIM;0;NAO;PARCIALMENTE
A330;3990000;3960;3;1;2;SIM;NAO;NAO;NAO;NAO;0;NAO;SIM
A331;3990000;4050;2;1;2;SIM;SIM;SIM;NAO;NAO;0;SIM;NAO
A332;3920000;7260;3;2;1;SIM;SIM;SIM;NAO;NAO;3;NAO;SIM
A333;3920000;5500;;1;2;SIM;SIM;SIM;NAO;NAO;0;NAO;
A334;3920000;3000;3;1;2;SIM;NAO;NAO;NAO;NAO;0;NAO;PARCIALMENTE
A335;3920000;3290;;1;1;SIM;NAO;NAO;;NAO;1;NAO;SIM
A336;3920000;3816;2;1;1;SIM;NAO;SIM;NAO;SIM;2;NAO;SIM
A337;3920000;8080;3;1;1;SIM;NAO;NAO;NAO;SIM;2;NAO;PARCIALMENTE
A338;3920000;2145;4;2;1;SIM;NAO;SIM;NAO;NAO;0;SIM;NAO
A339;3885000;3780;2;1;2;SIM;SIM;SIM;NAO;NAO;0;NAO;PARCIALMENTE
A340;3885000;3180;4;2;2;SIM;NAO;NAO;NAO;NAO;0;NAO;SIM
A341;3850000;5300;5;2;2;SIM;NAO;NAO;;NAO;0;NAO;PARCIALMENTE
A342;3850000;3180;2;2;1;SIM;NAO;SIM;NAO;NAO;;NAO;PARCIALMENTE
A343;3850000;7152;3;1;2;SIM;NAO;NAO;NAO;SIM;0;NAO;SIM
A344;3850000;4080;2;1;1;SIM;NAO;NAO;NAO;NAO;0;NAO;PARCIALMENTE
A345;3850000;3850;2;1;1;SIM;NAO;;NAO;NAO;0;NAO;PARCIALMENTE
A346;3850000;2015;3;1;2;SIM;NAO;SIM;NAO;NAO;0;SIM;PARCIALMENTE
A347;3850000;2176;2;1;2;SIM;SIM;NAO;NAO;NAO;0;SIM;PARCIALMENTE
A348;3836000;3350;3;1;2;SIM;NAO;NAO;NAO;NAO;0;NAO;NAO
A349;3815000;3150;2;;1;NAO;NAO;SIM;NAO;NAO;0;NAO;PARCIALMENTE
A350;3780000;4820;3;1;2;SIM;NAO;NAO;NAO;NAO;0;NAO;PARCIALMENTE
A351;3780000;3420;2;1;2;SIM;NAO;NAO;SIM;NAO;1;NAO;PARCIALMENTE
A352;3780000;3600;2;1;1;SIM;NAO;NAO;;NAO;0;NAO;PARCIALMENTE
A353;3780000;5830;2;;1;SIM;NAO;NAO;NAO;NAO;;NAO;NAO
A354;3780000;2856;3;1;3;SIM;NAO;NAO;NAO;NAO;0;SIM;SIM
A355;3780000;8400;2;1;1;SIM;NAO;NAO;;NAO;1;NAO;SIM
A356;3773000;8250;;1;1;SIM;NAO;NAO;;NAO;2;NAO;SIM
A357;3773000;2520;;;1;NAO;NAO;SIM;NAO;SIM;;NAO;SIM
A358;3773000;6930;;1;2;NAO;NAO;NAO;NAO;NAO;;NAO;SIM
A359;3745000;3480;;1;1;;NAO;NAO;;NAO;;SIM;PARCIALMENTE
A360;3710000;3600;;1;1;SIM;NAO;NAO;NAO;NAO;;NAO;NAO
A361;3710000;4040;;1;1;;NAO;NAO;NAO;NAO;;NAO;PARCIALMENTE
A362;3710000;6020;;1;1;SIM;NAO;NAO;NAO;NAO;;NAO;PARCIALMENTE
A363;3710000;4050;2;1;1;SIM;NAO;NAO;NAO;NAO;0;NAO;SIM
A364;3710000;3584;2;1;1;;NAO;NAO;SIM;NAO;0;NAO;PARCIALMENTE
A365;3703000;3120;3;1;2;NAO;NAO;SIM;SIM;NAO;0;NAO;
A366;3703000;5450;2;;1;SIM;NAO;NAO;NAO;NAO;0;NAO;SIM
A367;3675000;3630;2;1;1;SIM;NAO;SIM;NAO;NAO;0;NAO;SIM
A368;3675000;3630;2;1;1;SIM;NAO;NAO;;SIM;0;NAO;NAO
A369;3675000;5640;2;1;1;NAO;NAO;NAO;NAO;NAO;0;NAO;PARCIALMENTE
A370;3675000;3600;2;1;1;SIM;NAO;NAO;NAO;NAO;0;NAO;SIM
A371;3640000;4280;2;1;1;SIM;NAO;NAO;NAO;SIM;2;NAO;PARCIALMENTE
A372;3640000;3570;3;1;2;SIM;NAO;SIM;NAO;NAO;0;NAO;PARCIALMENTE
A373;3640000;3180;3;;2;NAO;NAO;SIM;NAO;NAO;0;NAO;PARCIALMENTE
A374;3640000;3000;2;1;2;SIM;NAO;NAO;NAO;SIM;0;NAO;SIM
A375;3640000;3520;2;2;1;SIM;NAO;;NAO;NAO;0;NAO;PARCIALMENTE
A376;3640000;5960;3;1;2;SIM;SIM;;NAO;NAO;0;NAO;NAO
A377;3640000;4130;3;2;2;SIM;NAO;NAO;NAO;NAO;2;NAO;PARCIALMENTE
A378;3640000;2850;3;;2;NAO;NAO;SIM;NAO;NAO;0;SIM;NAO
A379;3640000;2275;3;1;3;SIM;NAO;NAO;SIM;SIM;0;SIM;PARCIALMENTE
A380;3633000;3520;3;1;1;SIM;NAO;NAO;;NAO;2;SIM;NAO
A381;3605000;4500;;1;1;SIM;NAO;NAO;NAO;NAO;0;NAO;PARCIALMENTE
A382;3605000;4000;2;1;1;SIM;NAO;NAO;NAO;NAO;0;SIM;PARCIALMENTE
A383;3570000;3150;3;1;2;SIM;NAO;SIM;NAO;NAO;0;NAO;SIM
A384;3570000;4500;4;2;2;SIM;NAO;SIM;NAO;NAO;2;NAO;SIM
A385;3570000;4500;2;1;1;NAO;NAO;NAO;NAO;NAO;0;NAO;SIM
A386;3570000;3640;2;1;1;SIM;NAO;NAO;NAO;NAO;0;NAO;NAO
A387;3535000;3850;3;1;1;SIM;NAO;NAO;NAO;NAO;2;NAO;NAO
A388;3500000;4240;3;;2;SIM;NAO;NAO;NAO;SIM;0;NAO;PARCIALMENTE
A389;3500000;3650;3;;2;SIM;NAO;NAO;NAO;NAO;0;NAO;NAO
A390;3500000;4600;4;1;2;SIM;NAO;NAO;NAO;NAO;0;NAO;PARCIALMENTE
A391;3500000;2135;3;2;2;NAO;NAO;NAO;NAO;NAO;0;NAO;NAO
A392;3500000;3036;;;2;SIM;NAO;SIM;NAO;NAO;;NAO;PARCIALMENTE
A393;3500000;3990;3;1;2;SIM;NAO;NAO;;NAO;;NAO;PARCIALMENTE
A394;3500000;7424;3;;1;NAO;NAO;NAO;NAO;NAO;;NAO;NAO
A395;3500000;3480;3;1;1;NAO;NAO;NAO;NAO;SIM;;NAO;NAO
A396;3500000;3600;6;1;2;SIM;NAO;NAO;NAO;NAO;;NAO;NAO
A397;3500000;3640;2;1;1;SIM;NAO;NAO;NAO;NAO;;NAO;PARCIALMENTE
A398;3500000;5900;2;1;1;SIM;NAO;NAO;;NAO;;NAO;SIM
A399;3500000;3120;3;1;2;SIM;NAO;;NAO;NAO;;NAO;NAO
A400;3500000;7350;;;1;SIM;NAO;NAO;NAO;NAO;;NAO;
A401;3500000;3512;2;1;1;SIM;NAO;NAO;;NAO;;SIM;NAO
A402;3500000;9500;;1;2;SIM;NAO;;NAO;NAO;;SIM;NAO
A403;3500000;5880;2;1;1;SIM;NAO;NAO;NAO;NAO;;NAO;NAO
A404;3500000;12944;3;1;1;SIM;NAO;;NAO;NAO;0;NAO;NAO
A405;3493000;4900;3;;2;;NAO;NAO;NAO;NAO;0;NAO;NAO
A406;3465000;3060;3;1;1;SIM;NAO;NAO;NAO;NAO;0;;NAO
A407;3465000;5320;2;1;1;SIM;NAO;NAO;NAO;NAO;1;;
A408;3465000;2145;3;1;3;SIM;NAO;NAO;NAO;NAO;;;SIM
A409;3430000;4000;2;1;1;SIM;NAO;;NAO;NAO;0;;
A410;3430000;3185;;1;1;SIM;NAO;NAO;;NAO;2;;NAO
A411;3430000;3850;3;1;1;SIM;NAO;NAO;NAO;NAO;0;;NAO
A412;3430000;2145;3;1;3;SIM;NAO;NAO;NAO;NAO;0;;SIM
A413;3430000;2610;3;1;2;SIM;NAO;SIM;NAO;NAO;0;;NAO
A414;3430000;1950;3;2;2;SIM;NAO;SIM;NAO;NAO;0;;NAO
A415;3423000;4040;2;1;1;SIM;NAO;NAO;NAO;NAO;0;;NAO
A416;3395000;4785;3;1;2;SIM;SIM;SIM;NAO;SIM;1;;SIM
A417;3395000;3450;3;1;1;SIM;NAO;SIM;NAO;NAO;2;;NAO
A418;3395000;3640;2;;1;SIM;NAO;NAO;;NAO;0;;SIM
A419;3360000;3500;4;1;2;SIM;NAO;NAO;NAO;SIM;2;;NAO
A420;3360000;4960;;1;3;NAO;NAO;NAO;NAO;NAO;0;;PARCIALMENTE
A421;3360000;4120;2;1;2;SIM;NAO;NAO;NAO;NAO;0;;NAO
A422;3360000;4750;2;1;1;SIM;NAO;NAO;;NAO;;;NAO
A423;3360000;3720;;1;1;NAO;NAO;NAO;NAO;SIM;0;;NAO
A424;3360000;3750;;1;1;SIM;NAO;NAO;NAO;NAO;0;NAO;NAO
A425;3360000;3100;3;1;2;NAO;NAO;SIM;;NAO;0;NAO;PARCIALMENTE
A426;3360000;3185;2;1;1;SIM;NAO;SIM;NAO;NAO;2;NAO;SIM
A427;3353000;2700;;1;1;NAO;NAO;NAO;NAO;NAO;0;NAO;
A428;3332000;2145;3;1;2;SIM;NAO;SIM;;NAO;0;SIM;
A429;3325000;4040;2;1;1;SIM;NAO;NAO;NAO;NAO;1;NAO;
A430;3325000;4775;4;1;2;;NAO;NAO;NAO;NAO;0;NAO;
A431;3290000;2500;2;;1;NAO;NAO;NAO;;SIM;0;NAO;
A432;3290000;3180;4;1;2;SIM;NAO;SIM;NAO;SIM;0;NAO;
A433;3290000;6060;3;1;1;SIM;SIM;SIM;NAO;NAO;;NAO;
A434;3290000;3480;4;1;2;NAO;NAO;NAO;NAO;NAO;;NAO;
A435;3290000;3792;4;1;2;SIM;NAO;NAO;NAO;NAO;0;NAO;
A436;3290000;4040;2;1;1;SIM;NAO;NAO;NAO;NAO;0;NAO;
A437;3290000;2145;3;1;2;SIM;NAO;SIM;NAO;NAO;0;SIM;
A438;3290000;5880;3;1;1;SIM;NAO;NAO;;NAO;1;NAO;
A439;3255000;4500;2;;1;NAO;NAO;NAO;NAO;NAO;0;NAO;
A440;3255000;3930;2;1;1;NAO;NAO;;NAO;NAO;0;NAO;
A441;3234000;3640;4;;2;SIM;NAO;SIM;NAO;NAO;0;NAO;
A442;3220000;4370;3;1;2;SIM;NAO;NAO;NAO;NAO;0;NAO;
A443;3220000;2684;2;1;1;SIM;NAO;NAO;NAO;SIM;1;NAO;
A444;3220000;4320;3;1;1;NAO;NAO;;NAO;NAO;1;NAO;
A445;3220000;3120;3;1;2;NAO;NAO;NAO;NAO;NAO;0;NAO;
A446;3150000;3450;1;1;1;SIM;NAO;NAO;NAO;NAO;0;NAO;
A447;3150000;3986;2;2;1;NAO;SIM;SIM;NAO;NAO;1;NAO;
A448;3150000;3500;2;1;1;NAO;NAO;SIM;;NAO;;NAO;
A449;3150000;4095;2;1;1;SIM;NAO;;NAO;NAO;2;NAO;
A450;3150000;1650;3;1;2;NAO;NAO;SIM;NAO;NAO;0;NAO;
A451;3150000;3450;3;1;2;SIM;NAO;SIM;NAO;NAO;0;NAO;
A452;3150000;6750;2;1;1;SIM;NAO;;NAO;NAO;0;NAO;
A453;3150000;9000;3;1;2;SIM;NAO;NAO;NAO;NAO;2;NAO;
A454;3150000;3069;2;1;1;SIM;NAO;NAO;NAO;NAO;1;NAO;
A455;3143000;4500;3;1;2;SIM;NAO;NAO;NAO;SIM;0;NAO;
A456;3129000;5495;3;1;1;SIM;NAO;SIM;NAO;NAO;0;NAO;NAO
A457;3118850;2398;3;1;1;SIM;NAO;NAO;NAO;NAO;0;SIM;PARCIALMENTE
A458;3115000;3000;3;1;1;NAO;NAO;NAO;NAO;SIM;0;NAO;NAO
A459;3115000;3850;3;1;2;SIM;NAO;NAO;NAO;NAO;0;NAO;NAO
A460;3115000;3500;2;1;1;SIM;NAO;NAO;NAO;NAO;;NAO;NAO
A461;3087000;8100;2;1;1;SIM;NAO;NAO;NAO;NAO;1;NAO;NAO
A462;3080000;4960;2;;1;SIM;NAO;SIM;NAO;SIM;;NAO;
A463;3080000;2160;3;1;2;NAO;NAO;SIM;NAO;NAO;0;NAO;PARCIALMENTE
A464;3080000;3090;2;1;1;SIM;SIM;SIM;NAO;NAO;0;NAO;NAO
A465;3080000;4500;2;1;2;SIM;NAO;NAO;SIM;NAO;1;NAO;PARCIALMENTE
A466;3045000;3800;2;1;1;SIM;NAO;NAO;NAO;NAO;;NAO;NAO
A467;3010000;3090;3;1;2;NAO;NAO;NAO;;NAO;0;NAO;PARCIALMENTE
A468;3010000;3240;3;1;2;SIM;NAO;NAO;NAO;NAO;;NAO;PARCIALMENTE
A469;3010000;2835;2;1;1;SIM;NAO;NAO;NAO;NAO;0;NAO;PARCIALMENTE
A470;3010000;4600;2;;1;SIM;NAO;NAO;NAO;NAO;0;NAO;SIM
A471;3010000;5076;3;1;1;NAO;NAO;NAO;NAO;NAO;0;NAO;NAO
A472;3010000;3750;3;1;2;SIM;NAO;NAO;NAO;NAO;;NAO;NAO
A473;3010000;3630;4;1;2;SIM;;NAO;NAO;NAO;3;NAO;PARCIALMENTE
A474;3003000;8050;2;;1;SIM;;NAO;NAO;NAO;0;NAO;NAO
A475;2975000;4352;4;1;2;NAO;;NAO;NAO;NAO;1;NAO;
A476;2961000;3000;2;1;2;;;NAO;NAO;NAO;0;NAO;PARCIALMENTE
A477;2940000;5850;3;1;2;SIM;;SIM;NAO;NAO;1;NAO;NAO
A478;2940000;4960;2;1;1;SIM;;NAO;NAO;NAO;0;NAO;NAO
A479;2940000;3600;3;1;2;NAO;;NAO;;NAO;1;NAO;NAO
A480;2940000;3660;4;1;2;NAO;NAO;NAO;NAO;NAO;0;NAO;NAO
A481;2940000;3480;3;1;2;NAO;NAO;NAO;NAO;NAO;1;NAO;PARCIALMENTE
A482;2940000;2700;2;1;1;NAO;NAO;NAO;NAO;NAO;0;NAO;SIM
A483;2940000;3150;3;1;2;NAO;NAO;NAO;NAO;;0;NAO;NAO
A484;2940000;6615;3;;2;SIM;NAO;NAO;;NAO;0;NAO;PARCIALMENTE
A485;2870000;3040;2;1;1;NAO;NAO;NAO;NAO;NAO;0;NAO;NAO
A486;2870000;3630;2;1;1;SIM;NAO;NAO;NAO;NAO;;NAO;NAO
A487;2870000;6000;2;1;1;SIM;NAO;NAO;NAO;NAO;0;NAO;PARCIALMENTE
A488;2870000;5400;4;1;2;SIM;NAO;NAO;NAO;NAO;0;NAO;NAO
A489;2852500;5200;4;;3;SIM;NAO;NAO;NAO;NAO;0;NAO;NAO
A490;2835000;3300;3;1;2;NAO;NAO;NAO;NAO;NAO;1;NAO;PARCIALMENTE
A491;2835000;4350;3;;2;NAO;NAO;NAO;SIM;NAO;1;NAO;NAO
A492;2835000;2640;2;1;1;NAO;NAO;NAO;NAO;NAO;1;NAO;SIM
A493;2800000;2650;3;;2;SIM;NAO;SIM;NAO;NAO;1;NAO;NAO
A494;2800000;3960;3;1;1;SIM;NAO;NAO;NAO;NAO;0;NAO;SIM
A495;2730000;6800;2;1;1;SIM;NAO;NAO;NAO;NAO;0;NAO;NAO
A496;2730000;4000;3;;2;SIM;NAO;NAO;;NAO;1;NAO;NAO
A497;2695000;4000;2;1;1;SIM;NAO;NAO;;NAO;0;NAO;NAO
A498;2660000;3934;2;1;1;SIM;NAO;NAO;NAO;NAO;0;NAO;NAO
A499;2660000;2000;2;1;2;SIM;NAO;NAO;;NAO;0;NAO;PARCIALMENTE
A500;2660000;3630;;3;2;NAO;SIM;NAO;;NAO;;NAO;NAO
A501;2660000;2800;;;1;SIM;NAO;NAO;NAO;NAO;0;NAO;NAO
A502;2660000;2430;;1;1;NAO;NAO;NAO;NAO;NAO;0;NAO;NAO
A503;2660000;3480;2;;1;SIM;NAO;NAO;NAO;NAO;1;NAO;PARCIALMENTE
A504;2660000;4000;;1;1;SIM;NAO;NAO;NAO;NAO;0;NAO;PARCIALMENTE
A505;2653000;3185;;1;1;SIM;;NAO;NAO;SIM;0;NAO;NAO
A506;2653000;4000;3;;2;SIM;;NAO;NAO;SIM;0;NAO;NAO
A507;2604000;2910;2;1;1;NAO;;NAO;;NAO;0;NAO;NAO
A508;2590000;3600;2;1;1;SIM;;NAO;NAO;NAO;0;NAO;NAO
A509;2590000;4400;2;;1;SIM;;NAO;NAO;NAO;;NAO;NAO
A510;2590000;3600;2;2;2;SIM;;SIM;;NAO;;NAO;SIM
A511;2520000;2880;3;1;1;NAO;;NAO;NAO;NAO;0;NAO;NAO
A512;2520000;3180;;1;1;NAO;;NAO;NAO;NAO;0;NAO;NAO
A513;2520000;3000;2;1;2;SIM;;NAO;NAO;NAO;0;NAO;SIM
A514;2485000;4400;;1;2;SIM;NAO;NAO;NAO;NAO;0;NAO;NAO
A515;2485000;3000;3;1;2;NAO;NAO;NAO;NAO;NAO;0;NAO;PARCIALMENTE
A516;2450000;3210;3;1;2;SIM;NAO;SIM;NAO;NAO;0;NAO;NAO
A517;2450000;3240;2;1;1;NAO;SIM;;NAO;NAO;1;NAO;NAO
A518;2450000;3000;2;1;1;SIM;NAO;NAO;NAO;NAO;1;NAO;NAO
A519;2450000;3500;2;1;1;SIM;SIM;NAO;NAO;NAO;0;NAO;NAO
A520;2450000;4840;2;1;2;SIM;NAO;;NAO;NAO;0;NAO;NAO
A521;2450000;7700;2;1;1;SIM;NAO;NAO;NAO;NAO;0;NAO;NAO
A522;2408000;3635;2;1;1;NAO;NAO;NAO;NAO;NAO;0;NAO;NAO
A523;2380000;2475;3;1;2;SIM;NAO;NAO;NAO;NAO;0;NAO;SIM
A524;2380000;2787;4;2;2;SIM;NAO;NAO;NAO;NAO;0;NAO;SIM
A525;2380000;3264;2;1;1;SIM;NAO;NAO;;NAO;0;NAO;NAO
A526;2345000;3640;2;1;1;SIM;NAO;NAO;NAO;NAO;0;NAO;NAO
A527;2310000;3180;2;1;1;SIM;NAO;NAO;NAO;NAO;0;NAO;NAO
A528;2275000;1836;2;1;1;NAO;NAO;SIM;NAO;NAO;0;NAO;PARCIALMENTE
A529;2275000;3970;1;1;1;NAO;NAO;NAO;NAO;NAO;;NAO;NAO
A530;2275000;3970;3;1;2;SIM;NAO;SIM;NAO;NAO;0;NAO;NAO
A531;2240000;1950;3;1;1;NAO;NAO;NAO;SIM;;0;NAO;
A532;2233000;5300;3;1;1;NAO;NAO;NAO;NAO;;0;SIM;NAO
A533;2135000;3000;;1;1;NAO;NAO;;NAO;;0;NAO;NAO
A534;2100000;2400;3;1;2;SIM;NAO;;NAO;;0;NAO;NAO
A535;2100000;3000;4;1;2;SIM;NAO;NAO;NAO;;0;NAO;NAO
A536;2100000;3360;;1;1;SIM;NAO;NAO;NAO;;1;NAO;NAO
A537;1960000;3420;5;1;2;NAO;NAO;NAO;NAO;;0;NAO;NAO
A538;1890000;1700;3;1;2;SIM;NAO;NAO;NAO;;;NAO;NAO
A539;1890000;3649;2;1;1;SIM;NAO;NAO;;NAO;0;NAO;NAO
A540;1855000;2990;2;1;1;NAO;NAO;NAO;NAO;NAO;1;NAO;NAO
A541;1820000;3000;;1;1;SIM;NAO;SIM;NAO;NAO;2;NAO;NAO
A542;1767150;2400;3;1;1;NAO;NAO;NAO;NAO;NAO;0;NAO;PARCIALMENTE
A543;1750000;3620;2;1;1;SIM;NAO;NAO;NAO;NAO;0;NAO;NAO
A544;1750000;2910;;1;1;NAO;NAO;NAO;NAO;NAO;0;NAO;SIM
A545;1750000;3850;3;1;2;SIM;NAO;NAO;NAO;NAO;0;NAO;NAO
